{
  "timestamp": "2025-12-21T12:30:07.462452",
  "random_seed": 42,
  "test_set_size": 205,
  "class_priors": {
    "no_mechanism": 0.06707317073170732,
    "central_route_present": 0.3170731707317073,
    "peripheral_route_present": 0.349390243902439,
    "naturalness_bias": 0.19329268292682927,
    "availability_bias": 0.14146341463414633,
    "illusory_correlation": 0.5658536585365853
  },
  "class_prior_metrics": {
    "no_mechanism_precision": 0.0,
    "no_mechanism_recall": 0.0,
    "no_mechanism_f1": 0.0,
    "no_mechanism_accuracy": 0.8780487804878049,
    "central_route_present_precision": 0.3620689655172414,
    "central_route_present_recall": 0.3442622950819672,
    "central_route_present_f1": 0.35294117647058826,
    "central_route_present_accuracy": 0.624390243902439,
    "peripheral_route_present_precision": 0.27710843373493976,
    "peripheral_route_present_recall": 0.39655172413793105,
    "peripheral_route_present_f1": 0.3262411347517731,
    "peripheral_route_present_accuracy": 0.5365853658536586,
    "naturalness_bias_precision": 0.0,
    "naturalness_bias_recall": 0.0,
    "naturalness_bias_f1": 0.0,
    "naturalness_bias_accuracy": 0.6731707317073171,
    "availability_bias_precision": 0.2608695652173913,
    "availability_bias_recall": 0.24,
    "availability_bias_f1": 0.25,
    "availability_bias_accuracy": 0.6487804878048781,
    "illusory_correlation_precision": 0.5166666666666667,
    "illusory_correlation_recall": 0.5904761904761905,
    "illusory_correlation_f1": 0.5511111111111111,
    "illusory_correlation_accuracy": 0.5073170731707317,
    "macro_f1": 0.2467155703889121,
    "micro_f1": 0.35066864784546803,
    "macro_precision": 0.23611893852270657,
    "macro_recall": 0.2618817016160148,
    "micro_precision": 0.3342776203966006,
    "micro_recall": 0.36875,
    "roc_auc": 0.48582187054660203,
    "hamming_loss": 0.35528455284552846,
    "hamming_accuracy": 0.6447154471544716,
    "exact_match_accuracy": 0.04390243902439024
  },
  "model_metrics": {
    "micro_f1": 0.7854014598540145,
    "macro_f1": 0.7339303426123277,
    "micro_precision": 0.7935103244837758,
    "micro_recall": 0.7774566473988439,
    "macro_precision": 0.7454301820255768,
    "macro_recall": 0.7239204444655347,
    "roc_auc": 0.9104428073943199,
    "exact_match_accuracy": 0.5073170731707317,
    "hamming_accuracy": 0.8804878048780487,
    "overall_accuracy": 0.8804878048780487,
    "no_mechanism_precision": 0.6153846153846154,
    "no_mechanism_recall": 0.5333333333333333,
    "no_mechanism_f1": 0.5714285714285714,
    "no_mechanism_accuracy": 0.9414634146341463,
    "central_route_present_precision": 0.7538461538461538,
    "central_route_present_recall": 0.7101449275362319,
    "central_route_present_f1": 0.7313432835820896,
    "central_route_present_accuracy": 0.824390243902439,
    "peripheral_route_present_precision": 0.859375,
    "peripheral_route_present_recall": 0.859375,
    "peripheral_route_present_f1": 0.859375,
    "peripheral_route_present_accuracy": 0.9121951219512195,
    "naturalness_bias_precision": 0.7142857142857143,
    "naturalness_bias_recall": 0.6818181818181818,
    "naturalness_bias_f1": 0.6976744186046512,
    "naturalness_bias_accuracy": 0.8731707317073171,
    "availability_bias_precision": 0.6578947368421053,
    "availability_bias_recall": 0.6944444444444444,
    "availability_bias_f1": 0.6756756756756757,
    "availability_bias_accuracy": 0.8829268292682927,
    "illusory_correlation_precision": 0.8717948717948718,
    "illusory_correlation_recall": 0.864406779661017,
    "illusory_correlation_f1": 0.8680851063829788,
    "illusory_correlation_accuracy": 0.848780487804878,
    "loss": 0.7783392025874212
  },
  "improvements": {
    "macro_f1_diff": 0.4872147722234156,
    "micro_f1_diff": 0.4347328120085465,
    "roc_auc_diff": 0.4246209368477179,
    "macro_f1_ratio": 2.9748035012763507
  }
}