{
  "timestamp": "2025-12-21T12:21:23.956763",
  "random_seed": 42,
  "test_set_size": 205,
  "uniform_random_metrics": {
    "no_mechanism_precision": 0.03571428571428571,
    "no_mechanism_recall": 0.36363636363636365,
    "no_mechanism_f1": 0.06504065040650407,
    "no_mechanism_accuracy": 0.43902439024390244,
    "central_route_present_precision": 0.32142857142857145,
    "central_route_present_recall": 0.5901639344262295,
    "central_route_present_f1": 0.4161849710982659,
    "central_route_present_accuracy": 0.5073170731707317,
    "peripheral_route_present_precision": 0.25252525252525254,
    "peripheral_route_present_recall": 0.43103448275862066,
    "peripheral_route_present_f1": 0.3184713375796178,
    "peripheral_route_present_accuracy": 0.47804878048780486,
    "naturalness_bias_precision": 0.19642857142857142,
    "naturalness_bias_recall": 0.6285714285714286,
    "naturalness_bias_f1": 0.29931972789115646,
    "naturalness_bias_accuracy": 0.4975609756097561,
    "availability_bias_precision": 0.19318181818181818,
    "availability_bias_recall": 0.34,
    "availability_bias_f1": 0.2463768115942029,
    "availability_bias_accuracy": 0.4926829268292683,
    "illusory_correlation_precision": 0.48514851485148514,
    "illusory_correlation_recall": 0.4666666666666667,
    "illusory_correlation_f1": 0.47572815533980584,
    "illusory_correlation_accuracy": 0.47317073170731705,
    "macro_f1": 0.3035202756515922,
    "micro_f1": 0.3241525423728814,
    "macro_precision": 0.24740450235499742,
    "macro_recall": 0.4700121460098849,
    "micro_precision": 0.24519230769230768,
    "micro_recall": 0.478125,
    "roc_auc": 0.48582187054660203,
    "hamming_loss": 0.5186991869918699,
    "hamming_accuracy": 0.4813008130081301,
    "exact_match_accuracy": 0.024390243902439025
  },
  "model_metrics": {
    "micro_f1": 0.7854014598540145,
    "macro_f1": 0.7339303426123277,
    "micro_precision": 0.7935103244837758,
    "micro_recall": 0.7774566473988439,
    "macro_precision": 0.7454301820255768,
    "macro_recall": 0.7239204444655347,
    "roc_auc": 0.9104428073943199,
    "exact_match_accuracy": 0.5073170731707317,
    "hamming_accuracy": 0.8804878048780487,
    "overall_accuracy": 0.8804878048780487,
    "no_mechanism_precision": 0.6153846153846154,
    "no_mechanism_recall": 0.5333333333333333,
    "no_mechanism_f1": 0.5714285714285714,
    "no_mechanism_accuracy": 0.9414634146341463,
    "central_route_present_precision": 0.7538461538461538,
    "central_route_present_recall": 0.7101449275362319,
    "central_route_present_f1": 0.7313432835820896,
    "central_route_present_accuracy": 0.824390243902439,
    "peripheral_route_present_precision": 0.859375,
    "peripheral_route_present_recall": 0.859375,
    "peripheral_route_present_f1": 0.859375,
    "peripheral_route_present_accuracy": 0.9121951219512195,
    "naturalness_bias_precision": 0.7142857142857143,
    "naturalness_bias_recall": 0.6818181818181818,
    "naturalness_bias_f1": 0.6976744186046512,
    "naturalness_bias_accuracy": 0.8731707317073171,
    "availability_bias_precision": 0.6578947368421053,
    "availability_bias_recall": 0.6944444444444444,
    "availability_bias_f1": 0.6756756756756757,
    "availability_bias_accuracy": 0.8829268292682927,
    "illusory_correlation_precision": 0.8717948717948718,
    "illusory_correlation_recall": 0.864406779661017,
    "illusory_correlation_f1": 0.8680851063829788,
    "illusory_correlation_accuracy": 0.848780487804878,
    "loss": 0.7783392025874212
  },
  "improvements": {
    "macro_f1_diff": 0.4304100669607355,
    "micro_f1_diff": 0.46124891748113317,
    "roc_auc_diff": 0.4246209368477179,
    "macro_f1_ratio": 2.4180603455131244
  }
}